time,currencyservice_1,frontend_2,frontend_3,currencyservice_4,cartservice_5,frontend_6,frontend_7,frontend_8,adservice_9,frontend_10,recommendationservice_11,frontend_12,cartservice_13,frontend_14,shippingservice_15,shippingservice_16,cartservice_17,frontend_18,frontend_19,frontend_20,checkoutservice_21,paymentservice_22,paymentservice_23,checkoutservice_24,shippingservice_25,shippingservice_26,cartservice_27,emailservice_28,checkoutservice_29,frontend_30
1705353840,319,114,52,94,94,15,15,15,67,115,80,10,10,25,28,28,2,8,14,3,3,3,3,3,3,3,3,3,3,3
1705353855,440,177,70,137,134,18,18,18,84,170,114,20,20,43,50,50,4,14,18,8,8,8,8,8,8,8,6,6,6,6
1705353870,454,198,87,158,161,18,18,18,107,198,142,28,28,45,51,51,2,11,20,5,5,5,5,5,5,5,7,7,7,7
1705353885,348,159,81,132,132,16,16,16,99,165,119,14,14,34,36,36,4,10,14,2,2,2,2,2,2,2,2,2,2,2
1705353900,419,196,93,159,159,19,19,19,109,189,136,23,23,39,44,44,2,12,20,7,7,7,7,7,7,7,7,7,7,7
1705353915,484,214,87,167,167,18,18,18,108,219,150,27,27,50,62,62,4,16,20,10,10,10,10,10,10,10,10,10,10,10
1705353930,403,182,88,150,151,17,17,17,105,181,135,19,19,42,48,48,2,10,15,6,6,5,5,5,5,5,5,5,5,5
1705353945,377,191,94,156,155,14,14,14,108,195,143,23,23,40,48,48,4,9,13,8,8,9,9,9,9,9,9,9,9,9
1705353960,481,208,90,166,166,22,22,22,112,208,144,27,27,43,54,54,2,13,22,11,11,11,11,11,11,11,11,11,11,11
1705353975,371,176,85,140,137,22,22,22,105,172,115,18,17,28,32,32,4,14,23,4,4,4,4,4,4,4,4,4,4,4
1705353990,421,206,97,170,173,13,13,13,112,207,159,29,30,52,59,59,2,5,13,8,8,8,8,8,8,8,8,8,8,8
1705354005,478,203,83,158,159,23,23,23,105,200,131,21,21,45,50,50,4,16,26,5,5,4,4,4,4,4,4,4,4,4
1705354020,408,185,91,154,153,19,19,19,111,190,140,20,20,37,48,48,2,10,15,10,10,11,11,11,11,11,11,11,11,11
1705354035,429,184,81,149,149,24,24,24,104,183,123,14,14,36,43,43,4,17,25,7,7,7,7,7,7,7,7,7,7,7
1705354050,353,186,90,150,150,14,14,14,105,186,137,25,25,40,46,46,2,9,14,6,6,6,6,6,6,6,6,6,6,6
1705354065,362,164,77,135,135,15,15,15,91,164,121,18,18,43,45,45,4,6,14,2,2,2,2,2,2,2,2,2,2,2
1705354080,446,189,85,152,152,24,24,24,110,188,128,19,19,37,42,42,2,17,24,5,5,5,5,5,5,5,5,5,5,5
1705354095,404,186,87,154,154,17,17,17,104,189,137,20,20,40,50,50,4,8,17,10,10,10,10,10,10,10,10,10,10,10
1705354110,445,185,83,150,150,28,28,28,111,181,120,16,16,34,37,37,2,17,30,3,3,3,3,3,3,3,3,3,3,3
1705354125,383,185,85,153,153,16,16,16,99,187,139,18,18,48,54,54,4,10,14,6,6,6,6,6,6,6,6,6,6,6
1705354140,381,175,84,143,143,18,18,18,104,177,125,18,18,39,41,41,2,12,18,2,2,2,2,2,2,2,2,2,2,2
1705354155,454,209,103,170,170,19,19,19,120,207,149,22,22,40,48,48,4,13,19,8,8,8,8,8,8,8,8,8,8,8
1705354170,432,202,92,159,160,23,23,23,117,203,138,22,22,37,45,45,2,18,23,8,8,7,7,7,7,7,7,7,7,7
1705354185,348,194,99,156,155,14,14,14,112,191,139,21,21,36,40,40,4,13,17,4,4,5,5,5,5,5,5,5,5,5
1705354200,432,188,82,150,151,23,23,23,106,190,130,22,22,40,47,47,2,14,20,8,8,7,7,7,7,7,7,7,7,7
1705354215,388,202,97,165,165,19,19,19,114,196,143,19,19,42,45,45,4,14,21,5,5,6,6,6,6,6,6,6,6,6
1705354230,469,178,73,145,145,23,23,23,98,184,124,18,18,40,53,53,2,13,22,10,10,9,9,9,9,9,9,9,9,9
1705354245,380,203,99,162,163,16,16,16,114,197,145,23,23,37,47,47,4,13,16,11,11,10,10,10,10,10,10,10,10,10
1705354260,418,192,90,159,157,22,22,22,110,195,138,17,17,33,46,46,2,15,23,12,12,14,14,14,14,14,14,14,14,14
1705354275,447,196,85,154,154,28,28,28,116,201,127,19,19,37,42,42,4,20,26,5,5,5,5,5,5,5,5,5,5,5
1705354290,427,207,90,165,165,21,21,21,110,204,142,21,21,43,53,53,2,19,22,10,10,10,10,10,10,10,10,10,10,10
1705354305,412,184,75,144,144,23,23,23,99,187,123,19,19,42,47,47,4,17,22,5,5,5,5,5,5,5,5,5,5,5
1705354320,343,189,101,157,157,13,13,13,114,188,144,22,22,37,43,43,2,8,13,6,6,6,6,6,6,6,6,6,6,6
1705354335,396,220,90,167,167,13,13,13,101,214,152,38,38,55,62,62,4,11,14,8,8,8,8,8,8,8,8,8,8,8
1705354350,410,186,92,151,151,22,22,22,115,187,131,20,20,33,40,40,2,12,21,6,6,6,6,6,6,6,6,6,6,6
1705354365,421,182,76,142,142,22,22,22,99,185,118,19,19,32,41,41,4,18,24,9,9,9,9,9,9,9,9,9,9,9
1705354380,481,201,91,161,161,27,27,27,117,202,135,20,20,40,45,45,2,18,25,5,5,5,5,5,5,5,5,5,5,5
1705354395,449,204,94,164,164,24,24,24,119,205,141,19,19,39,46,46,4,17,24,7,7,7,7,7,7,7,7,7,7,7
1705354410,399,196,94,158,158,21,21,21,114,188,135,17,17,37,42,42,2,16,23,7,7,7,7,7,7,7,7,7,7,7
1705354425,409,187,96,155,156,19,19,19,115,194,138,19,19,32,42,42,4,11,17,8,8,8,8,8,8,8,8,8,8,8
1705354440,403,189,93,155,154,19,19,19,112,188,135,20,20,37,42,42,2,13,19,5,5,5,5,5,5,5,5,5,5,5
1705354455,458,204,89,162,162,20,20,20,109,202,140,25,25,41,51,51,4,12,23,10,10,10,10,10,10,10,10,10,10,10
1705354470,406,191,92,154,159,19,19,19,105,187,138,24,24,40,48,48,2,7,17,9,9,9,9,9,9,9,9,9,9,9
1705354485,446,200,93,164,160,19,19,19,118,205,145,24,24,45,50,50,4,12,18,4,4,4,4,4,4,4,4,4,4,4
1705354500,433,212,97,173,172,14,14,14,110,213,156,29,29,49,60,60,2,9,15,11,11,11,11,11,11,11,11,11,11,11
1705354515,347,170,86,137,138,15,15,15,101,169,124,13,13,34,38,38,4,13,15,5,5,4,4,4,4,4,4,4,4,4
1705354530,410,172,79,144,143,23,23,23,103,174,120,13,13,33,40,40,2,16,23,6,6,7,7,7,7,7,7,7,7,7
1705354545,370,191,92,152,153,16,16,16,108,188,135,25,24,39,44,44,4,9,17,5,5,4,4,4,4,4,4,4,4,4
1705354560,466,192,86,157,156,24,24,24,109,192,131,19,20,33,45,45,2,15,25,12,12,13,13,13,13,13,13,13,13,13
1705354575,439,198,83,154,154,21,21,21,106,202,138,25,24,44,53,53,4,15,18,9,9,9,9,9,9,9,9,9,9,9
1705354590,491,216,84,170,171,28,28,28,112,215,142,25,26,46,58,58,2,18,28,13,13,12,12,12,12,12,12,12,12,12
1705354605,354,190,85,148,147,17,17,17,102,190,130,23,23,37,45,45,4,16,18,7,7,8,8,8,8,8,8,8,8,8
1705354620,382,201,91,163,163,17,17,17,107,198,144,21,21,42,54,54,2,14,18,13,13,13,13,13,13,13,13,13,13,13
1705354635,380,189,86,151,147,20,20,20,104,190,130,20,20,40,46,46,4,15,19,5,5,5,5,5,5,5,5,5,5,5
1705354650,421,192,86,153,157,25,25,25,114,195,132,20,20,35,43,43,2,17,24,8,8,8,8,8,8,8,8,8,8,8
1705354665,375,195,99,160,160,13,13,13,112,193,145,22,22,38,46,46,4,8,15,9,9,9,9,9,9,9,9,9,9,9
1705354680,401,202,97,166,164,18,18,18,112,200,147,20,20,41,53,53,2,14,17,11,11,11,11,11,11,11,11,11,11,11
1705354695,441,198,82,157,159,24,24,24,109,201,135,21,21,42,50,50,4,17,24,8,8,8,8,8,8,8,8,8,8,8
1705354710,452,218,97,172,172,25,25,25,121,219,148,23,23,40,52,52,2,20,24,12,12,12,12,12,12,12,12,12,12,12
1705354725,402,199,86,154,154,22,22,22,105,192,128,23,23,40,45,45,4,16,23,7,7,7,7,7,7,7,7,7,7,7
1705354740,385,189,89,159,160,16,16,16,109,192,143,21,21,44,50,50,2,9,19,5,5,4,4,4,4,4,4,4,4,4
1705354755,412,194,101,157,156,23,23,23,124,199,138,19,19,31,37,37,4,15,19,5,5,6,6,6,6,6,6,6,6,6
1705354770,416,192,93,157,157,23,23,23,116,192,134,20,20,35,41,41,2,13,23,6,6,6,6,6,6,6,6,6,6,6
1705354785,340,172,90,142,141,14,14,14,103,170,127,17,17,34,38,38,4,8,14,5,5,4,4,4,4,4,4,4,4,4
1705354800,501,193,78,152,153,29,29,29,106,189,120,20,20,38,43,43,2,19,32,4,4,5,5,5,5,5,5,5,5,5
1705354815,430,179,77,143,143,25,25,25,104,185,122,18,18,37,43,43,4,15,22,6,6,6,6,6,6,6,6,6,6,6
1705354830,417,198,92,161,162,18,18,18,110,194,142,24,24,42,50,50,2,10,19,9,9,8,8,8,8,8,8,8,8,8
1705354845,467,194,86,157,156,23,23,23,109,198,135,19,19,42,49,49,4,15,22,6,6,7,7,7,7,7,7,7,7,7
1705354860,450,206,93,167,168,20,20,20,112,204,147,20,20,46,55,55,2,15,20,10,10,9,9,9,9,9,9,9,9,9
1705354875,323,170,96,143,142,15,15,15,110,167,126,14,14,28,31,31,4,11,15,2,2,3,3,3,3,3,3,3,3,3
1705354890,471,211,87,166,166,23,23,23,111,212,143,26,26,43,55,55,2,17,24,12,12,12,12,12,12,12,12,12,12,12
1705354905,385,194,94,159,159,14,14,14,109,195,147,23,23,47,52,52,4,8,13,5,5,5,5,5,5,5,5,5,5,5
1705354920,447,200,85,159,159,19,19,19,104,202,140,24,24,45,55,55,2,15,19,10,10,10,10,10,10,10,10,10,10,10
1705354935,478,204,82,161,161,24,24,24,106,201,135,21,21,48,53,53,4,18,26,5,5,5,5,5,5,5,5,5,5,5
1705354950,343,168,84,139,139,15,15,15,99,172,126,16,16,39,42,42,2,11,13,3,3,3,3,3,3,3,3,3,3,3
1705354965,450,188,87,152,152,24,24,24,111,186,126,18,18,34,39,39,4,14,26,5,5,5,5,5,5,5,5,5,5,5
1705354980,369,185,93,151,151,15,15,15,106,185,138,22,22,39,45,45,2,10,13,6,6,6,6,6,6,6,6,6,6,6
1705354995,424,193,87,156,156,18,18,18,106,194,138,23,23,45,51,51,4,10,18,6,6,6,6,6,6,6,6,6,6,6
1705355010,406,192,96,155,155,13,13,13,109,191,141,22,22,39,46,46,2,12,14,7,7,7,7,7,7,7,7,7,7,7
1705355025,380,172,76,137,137,20,20,20,96,170,116,16,16,34,40,40,4,16,20,6,6,6,6,6,6,6,6,6,6,6
1705355040,424,179,80,143,143,22,22,22,100,178,120,18,18,38,42,42,2,15,22,4,4,4,4,4,4,4,4,4,4,4
1705355055,485,184,78,147,147,30,30,30,111,187,119,17,17,34,38,38,4,16,31,4,4,4,4,4,4,4,4,4,4,4
1705355070,383,184,99,154,154,12,12,12,110,184,142,22,22,40,44,44,2,6,10,5,5,5,5,5,5,5,5,5,5,5
1705355085,442,210,100,171,171,19,19,19,119,205,153,25,25,45,51,51,4,9,19,8,8,8,8,8,8,8,8,8,8,8
1705355100,458,200,87,161,161,18,18,18,106,206,143,28,27,42,57,57,2,11,18,12,12,12,12,12,12,12,12,12,12,12
1705355115,419,184,90,148,148,22,22,22,112,185,126,16,17,32,36,36,4,16,22,4,4,4,4,4,4,4,4,4,4,4
1705355130,421,189,85,157,157,21,21,21,106,186,135,18,18,45,50,50,2,12,22,5,5,5,5,5,5,5,5,5,5,5
1705355145,423,195,90,157,157,20,20,20,110,198,138,22,22,37,48,48,4,12,19,11,11,11,11,11,11,11,11,11,11,11
1705355160,391,174,86,144,144,19,19,19,104,172,124,18,18,33,39,39,2,10,19,6,6,6,6,6,6,6,6,6,6,6
1705355175,360,178,85,141,142,17,17,17,101,172,122,15,15,36,38,38,4,13,19,6,6,5,5,5,5,5,5,5,5,5
1705355190,428,198,84,161,160,20,20,20,104,200,141,23,23,43,55,55,2,16,20,10,10,11,11,11,11,11,11,11,11,11
1705355205,414,180,84,146,146,21,21,21,106,184,128,18,18,39,45,45,4,12,19,4,4,4,4,4,4,4,4,4,4,4
1705355220,436,187,88,157,157,20,20,20,109,186,135,15,15,41,46,46,2,14,22,5,5,5,5,5,5,5,5,5,5,5
1705355235,355,176,86,146,147,15,15,15,100,176,131,17,17,40,47,47,4,8,14,7,7,6,6,6,6,6,6,6,6,6
1705355250,400,195,95,157,156,19,19,19,114,197,139,24,24,35,43,43,2,13,18,8,8,9,9,9,9,9,9,9,9,9
1705355265,425,195,84,152,152,23,23,23,108,194,128,24,24,38,43,43,4,15,25,5,5,5,5,5,5,5,5,5,5,5
1705355280,167,70,34,59,59,11,11,11,44,70,48,8,8,12,15,15,0,3,10,3,3,3,3,3,3,3,3,3,3,3
