time,currencyservice_Convert,frontendservice_frontend,productcatalogservice_GetProduct,currencyservice_GetSupportedCurrencies,cartservice_GetCart,recommendationservice_ListRecommendations,adservice_GetAds,productcatalogservice_ListProducts,cartservice_AddItem,shippingservice_GetQuote,traceservice_Export,health_Check,checkoutservice_PlaceOrder,paymentservice_Charge,shippingservice_ShipOrder,cartservice_EmptyCart,emailservice_SendOrderConfirmation
1705353840,5,8,0,4,0,0,1,0,0,0,0,0,2,0,0,0,0
1705353855,7,3,1,2,11,0,0,0,1,0,0,0,4,0,0,2,0
1705353870,3,6,13,2,8,9,0,1,2,0,0,0,0,0,0,0,0
1705353885,4,2,1,3,0,0,0,0,0,0,1,0,0,0,0,0,0
1705353900,9,8,16,9,0,0,0,3,0,0,0,0,0,0,0,0,0
1705353915,12,10,9,17,0,3,0,0,0,1,0,0,0,0,0,0,0
1705353930,2,0,2,5,0,0,1,0,0,0,0,0,0,0,0,0,0
1705353945,8,3,2,7,0,0,0,2,0,0,0,0,0,0,0,0,0
1705353960,12,5,4,11,4,0,0,0,0,0,0,0,0,1,0,0,0
1705353975,1,1,4,0,6,0,0,0,1,0,0,0,0,0,0,0,0
1705353990,4,3,5,9,0,2,0,3,0,0,0,0,0,0,0,0,0
1705354005,3,3,2,4,5,0,1,0,1,0,0,0,0,0,0,0,0
1705354020,4,2,2,5,0,0,0,0,0,0,0,0,0,0,0,0,0
1705354035,2,3,4,2,5,0,0,0,0,0,0,0,0,0,0,0,0
1705354050,1,1,2,2,0,0,0,0,0,0,0,0,0,0,0,0,0
1705354065,3,2,3,4,0,0,0,0,0,0,0,0,0,0,0,0,0
1705354080,8,5,4,6,0,0,3,0,0,2,0,0,0,0,0,0,0
1705354095,2,1,3,7,0,0,0,2,0,0,0,0,0,0,0,0,0
1705354110,11,9,2,9,0,0,0,1,0,0,0,0,0,0,0,0,0
1705354125,3,0,2,3,0,0,0,0,0,0,0,0,0,0,0,0,0
1705354140,0,0,0,1,4,0,0,0,0,0,0,0,0,0,0,0,0
1705354155,4,1,5,5,0,1,0,0,0,0,0,0,0,0,0,0,0
1705354170,3,0,1,5,0,1,0,1,0,0,0,0,0,0,0,0,0
1705354185,12,5,3,13,2,0,3,0,1,1,0,1,0,0,0,0,0
1705354200,9,3,0,7,3,0,0,2,0,0,0,0,0,0,0,0,0
1705354215,4,9,3,5,14,0,0,0,0,0,0,0,0,0,0,1,0
1705354230,4,2,0,4,0,0,0,0,0,0,0,0,0,0,0,0,0
1705354245,10,3,5,6,0,8,2,2,0,0,0,0,0,0,0,0,0
1705354260,6,2,0,4,0,0,1,0,0,0,0,0,0,0,0,0,0
1705354275,0,0,1,2,0,0,0,0,0,0,0,0,0,0,0,0,0
1705354290,5,8,54,7,10,7,0,2,1,0,0,0,0,0,0,1,0
1705354305,5,2,14,1,8,2,0,0,0,0,0,0,0,0,0,0,0
1705354320,0,0,7,2,4,0,0,1,0,0,0,0,0,0,0,0,0
1705354335,7,8,36,6,16,11,6,9,0,0,0,0,2,0,0,1,0
1705354350,5,3,2,2,5,0,0,0,0,0,1,0,0,0,0,0,0
1705354365,0,0,2,0,8,0,0,0,0,0,0,0,0,0,0,0,0
1705354380,4,3,6,5,0,0,1,1,0,0,0,0,0,0,0,0,0
1705354395,8,2,0,3,0,0,1,0,0,0,0,0,0,0,0,0,0
1705354410,5,7,5,9,8,3,9,0,0,0,0,0,0,0,0,0,0
1705354425,3,5,1,7,5,0,2,0,0,0,0,0,0,0,0,0,0
1705354440,3,6,0,3,4,0,3,1,0,0,0,0,0,0,0,0,0
1705354455,11,12,2,6,7,0,2,0,0,0,0,0,2,0,0,0,0
1705354470,6,1,1,8,0,2,1,3,0,0,0,0,0,0,0,0,0
1705354485,4,3,5,1,0,2,1,0,0,0,0,0,0,0,0,0,0
1705354500,5,3,1,6,0,1,0,0,0,0,0,1,0,0,0,0,0
1705354515,0,0,4,0,0,0,0,0,0,0,0,0,0,0,0,0,0
1705354530,11,6,0,16,0,1,1,0,0,0,0,0,0,0,0,0,0
1705354545,5,0,1,3,0,0,0,1,0,0,0,0,0,0,0,0,0
1705354560,16,8,2,7,0,10,0,3,0,3,0,0,0,0,0,0,0
1705354575,4,3,6,2,0,0,0,1,0,2,2,0,0,0,0,0,1
1705354590,6,4,14,6,0,0,0,1,0,7,2,0,0,0,0,0,0
1705354605,5,2,2,3,0,0,0,2,0,3,1,0,0,0,1,0,0
1705354620,3,2,5,3,4,6,0,2,0,2,0,0,0,0,0,1,2
1705354635,14,11,19,8,12,1,0,1,0,3,1,0,0,0,0,0,0
1705354650,6,11,12,7,11,7,4,0,0,3,0,0,0,0,0,0,0
1705354665,0,0,8,3,3,0,0,2,0,3,0,0,0,0,1,0,0
1705354680,5,1,6,3,0,0,0,0,0,3,0,0,0,0,0,0,0
1705354695,3,3,3,8,0,0,0,0,0,3,1,0,0,0,0,0,2
1705354710,4,4,14,7,13,5,1,4,0,3,0,1,2,0,0,0,1
1705354725,14,3,12,9,0,0,1,0,0,3,0,0,0,0,0,0,0
1705354740,7,2,6,10,0,0,0,3,0,1,0,0,0,0,0,0,0
1705354755,6,0,12,10,0,0,1,0,0,0,1,0,0,0,0,0,0
1705354770,2,0,4,2,0,0,0,0,0,3,0,0,0,0,0,0,0
1705354785,4,3,7,7,7,0,0,0,0,1,0,0,2,0,1,0,0
1705354800,5,5,3,5,2,0,1,0,0,1,0,0,0,0,0,0,0
1705354815,5,5,3,3,3,0,0,0,2,4,0,0,0,1,0,0,0
1705354830,17,5,7,10,0,0,3,2,0,0,0,0,0,0,0,0,1
1705354845,8,3,31,7,0,3,0,2,0,2,1,0,0,0,0,0,0
1705354860,2,2,5,5,0,0,0,0,0,3,0,0,0,0,0,0,1
1705354875,7,0,5,4,0,0,0,0,0,1,0,0,0,0,0,0,0
1705354890,2,2,15,3,7,0,2,0,0,1,1,0,0,0,0,0,0
1705354905,3,3,4,3,0,0,0,0,0,1,1,0,0,0,0,0,0
1705354920,8,4,13,6,0,0,2,0,0,8,0,0,0,0,1,0,2
1705354935,3,2,6,2,0,0,0,0,0,1,1,0,0,0,0,0,0
1705354950,8,3,3,7,0,3,0,2,0,0,2,0,0,0,0,0,0
1705354965,3,2,2,5,0,0,0,2,0,0,2,0,0,0,0,0,1
1705354980,4,2,2,3,0,1,0,0,0,3,2,0,0,0,0,0,0
1705354995,2,1,4,2,0,1,0,0,0,0,0,0,0,1,0,0,1
1705355010,4,1,7,4,3,0,0,1,1,1,0,0,2,0,0,1,0
1705355025,4,2,5,0,0,1,0,0,0,0,0,0,0,1,0,0,1
1705355040,6,4,3,3,0,0,0,0,0,2,0,0,0,0,0,0,2
1705355055,4,5,2,3,0,0,0,1,0,1,0,0,0,0,0,0,0
1705355070,11,8,6,16,0,3,0,0,0,1,0,0,2,0,0,0,0
1705355085,1,10,43,3,16,13,6,7,0,4,1,0,0,0,0,0,2
1705355100,5,3,12,3,0,0,0,0,0,4,0,0,1,0,0,0,0
1705355115,6,9,2,7,7,0,0,1,0,1,0,0,0,0,0,0,0
1705355130,9,7,6,3,0,0,0,1,0,2,0,0,0,0,0,0,1
1705355145,3,3,9,4,0,0,0,1,0,3,0,0,0,0,0,0,0
1705355160,0,2,8,0,7,0,0,1,0,3,0,0,0,0,0,1,0
1705355175,10,9,7,10,6,1,0,0,1,0,0,0,0,0,0,0,0
1705355190,10,7,14,6,9,0,2,0,0,1,1,0,0,0,0,0,0
1705355205,13,4,7,12,0,0,2,0,0,2,0,0,0,0,0,0,0
1705355220,7,9,7,11,0,0,2,1,0,2,0,0,0,0,0,0,1
1705355235,4,2,3,3,0,0,0,0,0,2,1,0,0,1,0,0,0
1705355250,1,0,7,3,0,0,2,2,0,0,1,0,0,0,0,0,1
1705355265,2,5,10,7,10,0,0,0,0,1,4,0,0,0,0,0,0
1705355280,3,1,0,2,0,0,0,1,0,0,0,0,0,0,0,0,2
